name,tournaments,rating
scarff,18,1805.888888888889
glbert,13,1700.923076923077
oddskill,13,1627.3076923076924
Forhavu ,12,1741.5833333333333
david-innes,11,1883.909090909091
Immortality,11,1699.6363636363637
Kraaft,11,1575.4545454545455
krispl,11,1926.8181818181818
Somethingpretentious,11,2027.4545454545455
TheRatRiverTrapper,11,1961.909090909091
CarlosMagnussen,10,1708.4
Donkey-kong16,10,1498
ErinYu,10,2301.2
f1nn33,10,2056.3
revoof,10,1876.5
Sonata2,10,2191.7
arbisto,9,2013.4444444444443
Delpire,9,1744.7777777777778
fradtheimpaler,9,1650.888888888889
garfield1980,9,1815.5555555555557
gokuba,9,1706.6666666666667
lakinwecker,9,1662.888888888889
pedropablo72,9,1726.888888888889
rampichino,9,1832.111111111111
s2004k1993,9,2132
Seb32 ,9,1750
TCGRIF,9,1783.5555555555557
Val1313,9,1824.888888888889
yago666,9,2033.111111111111
aliquantus,8,2198
Axp156,8,1975.125
badplayer_cm,8,2168.375
badplayer_cm ,8,2146.375
Endrawes0,8,1535.625
GogoYubari,8,1843.75
Jg777,8,1990.625
Lalaze,8,1647.875
lelouch_vi_brittania,8,2140.125
lukhas ,8,1666.75
morallygray,8,1979
Napoleon_Solo,8,1662.625
quirked,8,1999.125
Rolihlahla,8,1766.625
sgis ,8,1735.375
SpiteKnight,8,1745
tnan123 ,8,1709.125
Toffeeman,8,1694.625
Tsatsa64,8,1675.75
UpGoerFive,8,1511.125
Boviced,7,1744.4285714285713
CamelClutcher,7,2240
Dkillian,7,1873.857142857143
dmavro,7,1812.7142857142858
FelixNL ,7,2089.714285714286
GnarlyGoat ,7,1946.4285714285713
JoeyMellberg,7,1433.4285714285713
lukhas,7,1673.857142857143
Mariuseg,7,2134
OuterHeaven92,7,1985.857142857143
Raitonvsfuuton,7,1738.5714285714287
roso97,7,2001.5714285714287
shetoo,7,1776
sigvei,7,1703.2857142857142
Somethingpretentious ,7,2026.2857142857142
tephra,7,1741.2857142857142
VicPez,7,1893.2857142857142
Archone,6,1942.5
Assassin_in_White,6,2366.1666666666665
Atrophied,6,2330.3333333333335
Boomer34,6,1590.5
bufferunderrun,6,2003
ChessPatzerFrance,6,2051.1666666666665
colwem ,6,1763.1666666666667
Daveyjones01,6,1817.5
dose7781,6,1701.1666666666667
eie24 ,6,2112.3333333333335
Grzybozbur,6,2052.3333333333335
gucelli,6,1914.1666666666667
hetraie,6,2158
hicetnunc,6,2104.5
Highonpotnuse,6,1501.3333333333333
InfernalJumble ,6,1906
isaypotato,6,1876.5
izzie26,6,1742.5
jessehf,6,2117.5
jivey,6,1808
JuanSnow,6,1636.3333333333333
Knoddel,6,1975.6666666666667
kobol,6,2084.5
luvgangster ,6,1694.3333333333333
pepepibote,6,1635.6666666666667
pioki,6,1995.6666666666667
PsiMaster,6,1619.3333333333333
rsava,6,1421.5
Showboater,6,1779.6666666666667
stinsonite,6,1849.8333333333333
Theknug,6,1724
toni4127 ,6,1910
Urjah,6,2041.1666666666667
Vevochi,6,918.1666666666666
Wolf21,6,1775.5
adande1,5,1759
Anunzio,5,1770.6
BigEvo8,5,2030.2
Brundd ,5,1820.8
calcium237,5,1715
chennis,5,1889.8
chill5555,5,1839.6
ChukoDiman ,5,1746.2
cyanfish,5,2158.8
Dmathman,5,1722.8
dmsa_or,5,1729.6
dose7781 ,5,1636.4
DracoxVitae,5,1785.6
Drotciv,5,1669.8
eie24,5,2143.8
Festivus,5,1349.8
H0tblackDesiat0,5,1709
jmcampbell,5,1688
JohnJPershing,5,1643
KFerapont,5,2077.2
Kjar,5,2012.4
kostasvl ,5,1759
LostEarthworm,5,1954
lovlas,5,2424.6
Mahmut69,5,1933
mathijshuis,5,1882.8
MattyB,5,1766.6
mekumcu,5,1819.2
MoiRon,5,1995.2
MoistvonLipwig,5,2274.6
MrLegilimens,5,1859.6
mysonnevercallme,5,1935.4
okei,5,1967.6
paolone,5,1958.8
paolone ,5,1964
rgpchesspe,5,1852
riemannn,5,1885.2
rodeo,5,1835.8
Saxton47,5,1798.2
sgis,5,1781.2
Sonata2 ,5,2153.8
swohl19,5,1824.6
toj,5,1953
Tranzoo,5,1682.6
WarGoblin,5,1777.6
Zher0 ,5,1486.6
ahmt92,4,2033.75
Alegre_River,4,2065.75
arex,4,1711.5
astralfenix,4,2098.75
atil4,4,1851.25
BlackCat700,4,2058
Bletchlypark,4,1555.5
Brundd,4,1715.25
CaptNCarter,4,1962.25
chesshavoc ,4,1792
Chesspatzerswan,4,1936.75
ChristopherChabris,4,2268
colwem,4,1690
darubaru,4,1636
Delpire ,4,1701.25
droodjerky,4,1936
DurchNachtUndWind,4,1921
erv123,4,1499
EsolcNeveton ,4,1950.25
FischyVishy,4,2212.75
fisher56,4,1958.5
FlokiTheCat,4,2121.25
Footpath,4,1579.5
freddy267t,4,1633
GnarlyGoat,4,1948
halloway,4,1642
happy0,4,1574.75
Isachess,4,1894
Itzal,4,1992
Ixitixl,4,1600
jaivl,4,1932.5
jimmyd7777,4,1931.75
jivey ,4,1850.25
JPTriton,4,2063.5
kjfoster17,4,1815.75
kleyveu,4,1566.75
krzem,4,1943.75
lapetitemort,4,1709
Lez314,4,1563.75
litzr,4,1574
LucaGaglia73,4,1572
Lynnpv,4,1890
ma1ah,4,2092.5
MadLoKi,4,1742
MasterSalomon,4,1982.5
Merkava777,4,1985.25
MichaelTallovsky,4,2051.25
MilsBees,4,1632.75
mixxanber,4,1691
mn8,4,2252.75
momor,4,1641
Mooserohde,4,1598.25
Mooserohde ,4,1639
mronemore,4,2161
NoNameK,4,2151.25
Numberman768,4,1718.75
patk74,4,1867.25
Petruchio,4,1461.25
Petruchio ,4,1455
phantom567459,4,1895.75
phantom567459 ,4,2011.5
qrs,4,1607.25
R-Mena,4,1842.5
RealRobbert ,4,1778.25
rhohit,4,1475.25
RodrigoDiazDeVivar,4,1652.75
roso97 ,4,1948.25
rsava ,4,1440.5
S3pp,4,1926.5
sanganakam,4,1702
Scottm91,4,1694.5
Scrooge,4,2333
seius,4,1769
Sesquipedalism,4,1911
SuperVJ,4,2071
SycoraxCirce,4,2078.75
timothyha,4,2020
TMaus ,4,2044.25
TonyRo,4,2358
Tranzoo ,4,1760.75
tuncaboylu,4,1937
ubernoobek,4,1983.25
Unihedron,4,1815.75
x_0,4,1785.25
Acer30,3,1420.6666666666667
Aleksandr88_62,3,2032
alms,3,2263.3333333333335
AlwxR,3,1842.3333333333333
angborxley,3,1534.3333333333333
Aprentice1,3,1722
arensma,3,1680.6666666666667
asn8745,3,1476.6666666666667
ben_dubuque,3,1725.3333333333333
Benedictine,3,1927.3333333333333
bramminator,3,1865
brokenstones,3,1829
cactus,3,1810.3333333333333
callzumen,3,1503
cerulean,3,1980
checkmonk,3,1934.6666666666667
Cheesehead04,3,1665.3333333333333
chgreg,3,1865
crabbypat,3,2040
Cynosure,3,1897.3333333333333
Davbond,3,1473.3333333333333
dctrip13,3,1813.3333333333333
dearprudence,3,1904.6666666666667
deepaks1,3,2020.3333333333333
Dinomoomoo,3,1796.6666666666667
djcrisce,3,1660.6666666666667
doberm4n,3,1818.3333333333333
doganof,3,2210
DrOdnat,3,1718.6666666666667
Drotciv ,3,1646
ed84,3,1783.6666666666667
ethanpowell,3,1722
ExoPrimal,3,1864.3333333333333
FilP,3,1852.6666666666667
Finneri,3,2001
Flandoo,3,1458.3333333333333
Forhavu,3,1710.3333333333333
freefal,3,1757.3333333333333
gambytes,3,1724.3333333333333
gandalf013,3,1843.6666666666667
GetAGripWhitby,3,1880
Giampy62,3,1659
Goblin_Alchemist,3,1877.3333333333333
Hackov,3,1814.3333333333333
Hoikka,3,1786
horarum1,3,1501.6666666666667
HoudinicisMedicis,3,2029.3333333333333
Hsznet,3,1643
icendoan,3,1550.6666666666667
iedopadzert,3,1733
InfernalJumble,3,1908.3333333333333
IsaVulpes,3,2143
jacobhess,3,1759.6666666666667
jcarmody,3,1445
Jg777 ,3,1990.6666666666667
jmcginty15,3,1789
joecupojoe,3,1436.3333333333333
jsettle1,3,1302
jshholland,3,1555.3333333333333
Juke_3,3,1813.3333333333333
juldiaz280992,3,2064.3333333333335
jwwells42 ,3,1884
k-night-moves,3,1897.6666666666667
k-night-moves ,3,1916
K0stasP,3,1771
Kalandra,3,1649.6666666666667
kampsun,3,1425
Kilderis,3,2038
Kimaga,3,1899.3333333333333
kn960,3,1965
lakinwecker ,3,1714.6666666666667
leinax,3,1585
lenguyenthanh,3,1959.3333333333333
leo2dipikke,3,1679.6666666666667
Lethgo,3,1798.3333333333333
lichie,3,2143
linail,3,2143.3333333333335
llimllib,3,1697.3333333333333
Lord_axe,3,2038
lovlas ,3,2434.6666666666665
Luckyara,3,1611.3333333333333
lumenian,3,2055
madatadam,3,2079.6666666666665
makeareason,3,2239.3333333333335
matrix47,3,1981.6666666666667
maxivgc,3,1789.3333333333333
metalpawn,3,1769.3333333333333
Michael_hackett,3,1718
mingpro,3,1975.3333333333333
mmb4854,3,1716
mmgoo,3,1608
nadgob,3,1590.6666666666667
Nairwolf,3,1471.3333333333333
neilwang,3,1369
NiSn,3,1860
nork,3,1940
NOTFOXAnonymous ,3,1956.3333333333333
notmyjob88,3,1715
Ontheruy,3,1739
pawnsac101,3,1403
Pendru,3,1908
Philgood84,3,1679
Plasmacat,3,1851.6666666666667
pokerram,3,1806
Prune2000,3,1800.6666666666667
Prune2000 ,3,1829.3333333333333
Quadriculado,3,1791
rabioso,3,1741.6666666666667
Razorneck,3,2015
Rliu347,3,1694
robinhood76,3,1842.6666666666667
RobUmbra,3,1583.6666666666667
RodrigoDiazDeVivar ,3,1707.6666666666667
RookTown,3,1657.3333333333333
RottenPawn,3,1697.6666666666667
s2004k1993 ,3,2102.6666666666665
S3pp ,3,1908.3333333333333
sahkal,3,2057.6666666666665
sazik,3,1536.6666666666667
Seafoam,3,1804
Seb32,3,1697.3333333333333
SheepNL,3,2016.3333333333333
sivvaaa,3,1810
skillet,3,1478.3333333333333
slackwyrm,3,1975
slamjam,3,1682
SpeedCobra,3,2323
spuntachessTs,3,1321.3333333333333
Supermaths,3,2170.3333333333335
swandog,3,1796
Swgfskdf,3,1597
tadch,3,2090
thatoneguy1475,3,1635
Theino,3,2030
TMaus,3,1997.6666666666667
tnan123,3,1796.6666666666667
tomek188,3,2174.6666666666665
toni4127,3,1933.6666666666667
Toperoco ,3,1887.3333333333333
tothecloid,3,1695.3333333333333
Tsatsa64 ,3,1743.6666666666667
wpruitt14,3,1661.3333333333333
yago666 ,3,2018
Zher0,3,1501.6666666666667
a3516845,2,1920.5
abneric,2,1263
AbyssStaresBack,2,1731
aebe ,2,1610
agrav123,2,1665.5
agrav123 ,2,1755
Ahedrista,2,2189
akshayk06,2,1645
Alegre_River ,2,2087
aljopeljhan,2,1893
Alkibiades1,2,1502
amacy,2,1198.5
Anarschi,2,1738.5
anopows,2,1725.5
AraPawn ,2,1781
Archone ,2,1944.5
Arkensiel,2,1283.5
Arlberg ,2,1787.5
Artian12,2,2013
Artykom,2,2082
asian42,2,1818
Asinya,2,1887.5
Aurichalcite,2,1543
avas_goridze,2,1875
AvocadoPost,2,1752
Baksteen123,2,1690
Band_of_brothers,2,2000.5
bandessz,2,1995
barry_stipplebanger,2,1796.5
baybars,2,1611
Beelzebrox,2,1853
Ben_Yeomans2 ,2,2016.5
benlonnqvist,2,1548.5
Bjorgvin1,2,2050.5
Board_13,2,1545.5
bornacavrag,2,1339
Boviced ,2,1752
Braffin,2,1631.5
BranzaDubla,2,1843
ca7alyst81,2,1639
cacheyourdreams,2,1951
cammusbread,2,1476
carbon752,2,1587
carc,2,2199.5
caxmati,2,1549
cenotaph5,2,1784
Chaozu,2,2232.5
Chaskar,2,2004.5
checkmonk ,2,1950
Chess_Patzer ,2,1579.5
chessanalyst,2,2000
chessicstudent,2,1645
Chesspatzerswan ,2,1924
CitronSauvage,2,2043
conalboyle,2,1351.5
controversy,2,1623.5
corey561 ,2,1774.5
cosxdx,2,1944
cristoper,2,1762
ctorh,2,1786
CubesAndPi,2,1811
dahdah,2,1861
dakillian,2,1533
dauthdaert,2,1914.5
Daveyjones01 ,2,1771
david252525,2,2122
dctrip13 ,2,1909
dcwoods,2,1973.5
deaarthur,2,1220
deanmadden ,2,1565.5
demonicringworm,2,2014
dialh ,2,1462
dmitri31,2,2072.5
Dodeka,2,1764
dorhinj1,2,1990
DragonicKhaos,2,1864
drhack,2,2126
DrTodd,2,1773
dsjoerg,2,1728
ecstaticbroccoli,2,1973
EinarGregersen,2,1953.5
elixr,2,1728.5
Eman3226,2,1635
EmptySet2,2,1862
Ends_Mad,2,2198.5
epikfaal,2,1790
ErunaMe,2,1819
ethanpowell ,2,1776
explodingllama,2,1746
FairyTaleTime,2,1895
feyvel,2,1835
FischersOfMen,2,1780.5
FiveKnights,2,1846
Flaneur,2,2255.5
flgoyens,2,1686
FlokiTheCat ,2,2101.5
foreverweak,2,2382.5
foxxxy_coxxxy,2,1835.5
freefal ,2,1683.5
Fritzmann ,2,1610
Fudly,2,1529
furrykef ,2,1643
Fuzz0410,2,2043
gatorricky,2,1673
GCEDW2001 ,2,1920
ghostologist ,2,1504
Glad_He_Ate_Her,2,1608
GM1224,2,1441.5
Gnam,2,1808
god666,2,2177.5
GoropadniPoni,2,2136.5
grabhispieces,2,1904
grantoldham,2,1565.5
greg-butts,2,1459
greyhawk,2,1698
gspen,2,1779
guanm,2,1669
GuyIncognito_de,2,1559
gyrating_kairos,2,1921.5
harrison2,2,1927
Heinie,2,2042.5
hicetnunc ,2,2193.5
hillrp,2,1679
hive,2,1436.5
HoxHound,2,2005.5
iebrian,2,1756.5
iebrian ,2,1773.5
iHateRBF,2,1923
imcgrat2,2,1688.5
iqb,2,1598.5
isaypotato ,2,1944
itakeback,2,1918
ItsMeMaho,2,1602
izzie26 ,2,1619
jameslatham,2,1774.5
jckund,2,1822.5
jcole98,2,1735
jdpeters,2,1735.5
jitre,2,1813
jkobs,2,2102.5
JMHWSM,2,1477.5
Johnhammer1456,2,1680
JohnJPershing ,2,1644.5
JohnsonBronson,2,1835.5
Jokes1724,2,1594.5
Jonathancoffin ,2,1910.5
josbri,2,1714.5
Journey_to_NM,2,2263
jrvdwjr,2,1764.5
jslavik,2,1920.5
jughandle10,2,1787.5
Juped,2,1758.5
KaasHonijn,2,1422.5
kajoM,2,1973
kevban,2,1992
kevban ,2,1996
Khidal,2,1562.5
kingscrusher-fan,2,1781
Krsto,2,2092
kschmigel,2,1538
Kvltvr_Wvltvr,2,1998
kylecuver1,2,1025.5
LazyPeon,2,1957
LeChuckForPresident,2,1115
Liamvo ,2,1972.5
Litlee,2,1723
LittleAnnieAdderall,2,2006
Lord_Karamat,2,1477.5
Luci_Bunny,2,1771.5
luvgangster,2,1863
majsza,2,1532.5
MakeHellTal,2,1822
Maqqa,2,1930
marcelluspye,2,1797
MarionTinsley,2,1963
matt_p_14,2,1919
Maurice95,2,1882.5
mdaw,2,1776.5
mekumcu ,2,1803.5
miikka1,2,1734
Mixalaki2705,2,2032.5
mjf1234,2,1969
mkoga,2,1717
mn8 ,2,2215
Moha369,2,1624
moinmann,2,1724
MoistvonLipwig ,2,2259
MoneyMitch,2,1710
mqll,2,1675
MrLegilimens ,2,1878.5
MrPantz,2,1594
MrScribbles,2,1511.5
msiipola,2,1630
myle,2,1837
mynameismund ,2,1661
Namulin,2,1740.5
narud,2,1851
NarwhalePete,2,1573.5
netherfiel,2,1803.5
nickoboy1992,2,1974
nimzovit,2,2049.5
nimzovit ,2,2135.5
NoKlu,2,1302
nondrama,2,2065
Nubas,2,1815.5
nubnub57,2,1824
Nytik,2,1911
Oatmate,2,1670
oddsox,2,1665
odyn1982,2,1811.5
OldPalHappy,2,1808.5
OldTom,2,1608
OneKindKing,2,2044
Orwellvision,2,1392
ostdorfer ,2,1936
OutdoorTree,2,1777
p_implies_q,2,1953.5
parrotz ,2,1836.5
Pasternak,2,2077.5
PGSankar,2,1965
phild159,2,1863.5
piotor,2,1466.5
Pitrinu,2,2276
poopheaderic,2,1631.5
postit,2,1889.5
Pras108,2,1931
Prof_Moriarty,2,2159
Proustino,2,1581
PublicRadio,2,1934
PublicRadio ,2,1940
Pushedpawn,2,2055.5
Pushedpawn ,2,2020
Qualm,2,1969.5
Queen_Blunder ,2,1936
RazorBoy,2,2201
readysteadygo,2,1664
RealRobbert,2,1950
RebelMe,2,1656
Reodor,2,1413
Rescinded,2,1692.5
resonantpillow,2,1990.5
richtri_rj,2,1623
riemannn ,2,1895.5
rkjulian,2,1508
robertswa,2,1713
rosagris,2,2011.5
rpimpulse,2,1730.5
RuizBR,2,1750.5
Ryen89,2,1382.5
Ryune,2,2039
Saltator,2,1858.5
samjjames,2,1779
SCV-Chess,2,1694.5
Seabacon,2,1306.5
seiduck,2,1622
shakaali,2,1964
shakaali ,2,1964
shetoo ,2,1759
shmageggy,2,1662
Showboater ,2,1864
Skims,2,2118
Sleivert,2,1719
smothermemate,2,1555
soldadofiel ,2,1947
solidplayerr,2,1954
Spaceball,2,1952
SpiteKnight ,2,1790.5
sprcow,2,1666.5
ssyx,2,1556
Star-Bearer,2,1697.5
Steiger07,2,1980.5
suicune,2,1726
sunitdemenace,2,1753
SuperIntegration,2,1895.5
swagquark,2,2107
swohl19 ,2,1927
T_Taylor,2,1659
TenThousandHours,2,2273
ThePawnSlayer,2,1783
thetasquared,2,1544.5
Tinkerphyte,2,1825
tipau,2,2224.5
Traxxin,2,1670
Treppenhouse,2,1886.5
truesacrifice,2,1616.5
twobe,2,2119
tworivers,2,1695
Ubique29,2,1638
udaysatya,2,1694
Unclevinny ,2,1765
ventricule,2,1887
vgd123,2,2113.5
Weiter,2,1940
wetdogsmell,2,1728
WildGooseChess,2,2012.5
WO_Schrodinger,2,1925
wookash_888,2,2280.5
wpruitt14 ,2,1721
xearo,2,1718.5
xEmpCC,2,1687
xobeci,2,1963
xVaria,2,1466
yeyq,2,2173
yungpirc ,2,1593
yvettenicole,2,1283
z0x,2,1403
Zopherus,2,1539
Aaren,1,1884
abdelaziz_sayed,1,1673
Abhy0024,1,2399
adamroyd,1,1662
adrianchessnow,1,1877
advocatezz,1,1604
Aeilnrst,1,1910
Aerytheta,1,1682
AFAMMG,1,1940
Agood2inches,1,1381
AidanRU,1,1656
aion,1,1767
ajm1234,1,1558
Akselm,1,1688
Aleksandr88_62 ,1,2032
alenbasic,1,1709
alex_1987,1,2186
alex_slow,1,2331
alex123a,1,1414
alexmdaniel ,1,1700
algeochamp07,1,1758
aliquantus ,1,2205
almyk,1,1604
aln276,1,2030
AlternativeFork,1,1952
amacy ,1,1157
Ambite,1,1842
Anders_son,1,1954
Andysctu,1,1693
angborxley ,1,1643
Angstschreeuw,1,1856
AnikiaN ,1,1946
Anjablaserr,1,2100
anjumskhan,1,2013
anna_nass,1,2106
apetresc,1,1579
arbisto ,1,2043
areeckx,1,1418
arielmendezp,1,1689
arjunbeatu,1,1842
Armasfoster,1,1650
arsenalfanrichi,1,1843
ArtesMagae,1,1614
ashishacharya,1,2039
asifmallik,1,1634
Ask_The_Dust,1,1801
assblastingarconson,1,2018
Assios,1,2200
Atrophied ,1,2269
auroach,1,1638
auroach ,1,1638
autotelic,1,2011
avelez8,1,1841
Axp156 ,1,2002
azuaga,1,2108
B_Sharp,1,1550
badatblitz,1,1943
Bamabeeblebrox,1,1685
Bamboos,1,1608
BarbarAusBielefeld,1,1498
Bardu,1,1561
barry_stipplebanger ,1,1791
bbutch,1,1774
be0wulf,1,1954
beauvain,1,2530
beaverhatbob,1,1422
Becher19,1,1842
beeeeck,1,2008
Beelzebrox ,1,1853
Bektas,1,1989
ben_dubuque ,1,1692
BenkoHater,1,2269
beourchess,1,1694
BigMeesh13,1,1872
bigott,1,1900
bill_gates ,1,1862
Blekinge,1,1838
BloodyFox,1,2058
BloodyFox ,1,1986
blue_cactus,1,1692
bluebird26,1,1856
Bmoney_o,1,1980
bobwooster,1,1933
bodhmall,1,2162
bojans_88,1,2083
bosspotato,1,2243
brainyack,1,1899
braoncek,1,1444
BraydonP,1,1945
BraydonP ,1,1943
brianmcdonald,1,2053
brilliantBlunder,1,1508
bromin,1,1955
brwnbr,1,1726
bungalowboi,1,1587
buubble,1,1390
bward10,1,1448
C4_ExplosiveMove,1,1763
camcam52,1,1881
cameronbird,1,1772
CamLeslie,1,2197
Capablancian,1,1799
CaptNCarter ,1,1872
CarbyPls,1,1651
carc ,1,2204
CarlosSilva96,1,2065
Ceedee,1,1705
Ceedee ,1,1654
Ceramic,1,1489
Ceramic ,1,1451
cftsoc3,1,1928
ChadPenguin,1,1881
chatakkuma,1,1858
CheapEndgameTricks,1,1659
cheese111,1,2290
chennis ,1,1934
chessanalyst ,1,1971
ChessAndCoffee,1,1720
chesshavoc,1,1830
chesspastamasta,1,1959
chesspibito,1,1718
chessryo,1,2081
ChiggySmalls,1,1762
Chuck_AOE,1,1638
ChukoDiman,1,1557
citayo,1,1919
cjmccaffrey,1,1828
Cleave,1,1813
closed_guard,1,1480
cluffas,1,2016
cnbuff410,1,1660
CoachAleks,1,1967
coldgreenII,1,1874
compost83,1,1564
coolalzi ,1,1802
cpapa14,1,1502
cptkirchhoff ,1,1706
Criclom,1,1531
CriticalThinker,1,1724
crunchyalex ,1,1959
CSU_Dynasty,1,1963
CubesAndPi ,1,1884
cubra,1,1815
cvillian,1,1930
cyanfish ,1,2129
cybercapitalist,1,1276
DAAL,1,1331
Dangerously_average,1,1686
Daniel1802b,1,1872
dank-chessessities,1,1433
DannyKong,1,1867
darksquaregames,1,2458
darobertson,1,1606
DasGuntLord01,1,1446
dauthdaert ,1,1944
davejishnu,1,1851
david252525 ,1,2126
Dazzles,1,1740
deaarthur ,1,1183
dean7777777,1,1846
deanmadden,1,1567
deep_glue,1,1746
Deerack,1,1697
DefinitelyNotAlekhsi,1,1947
dek,1,1975
DerDoin,1,1517
Derked,1,1499
desertMouse,1,1698
DETERMINATION,1,2398
dgees,1,2041
diamanthori,1,1843
dimasikson,1,1699
Dimesocket,1,1797
dimitris22,1,1823
DirtyJs,1,1847
Disastronaut,1,1980
DiscoverChex,1,1681
DK_Chess,1,1862
dlgabriel,1,1458
dmavro ,1,1753
doberm4n ,1,1811
Doevert,1,1653
Domg,1,1619
Dontreadthis,1,1808
dooje,1,1666
dorjanel,1,1874
DracoxVitae ,1,1812
Dram04,1,1671
DrOMM,1,1723
Dubarnik,1,1459
ducksss,1,1171
dystopia753,1,1681
DzeiTi,1,2101
Dzoniak ,1,1574
eaguiraud,1,2329
eamonmont,1,2064
ebrankoftis,1,1791
ebrankoftis ,1,1791
ed84 ,1,1762
Edwarde,1,1828
egnyte ,1,1832
egocrusher,1,1919
egonsanc,1,1846
ekopp2000,1,1757
elbegelbe,1,1799
elipw,1,1732
ElJefe08,1,1527
elusiveness,1,1591
ematthie,1,1499
ematthie ,1,1508
EmptySet2 ,1,1837
EmreA ,1,1398
end1dream,1,1948
enfor450,1,1432
Enisswift,1,1703
Ericasp,1,1605
ErinYu ,1,2264
escabeche,1,1871
f1nn33 ,1,1988
Fabinou ,1,2307
FakeEmperor,1,1788
Felipekaox,1,1646
FelixNL,1,2297
Fellwind,1,2130
figeon,1,1712
finlip,1,1965
Finneri ,1,2001
FischersOfMen ,1,1818
fisher56 ,1,1944
fismoluni,1,1695
fittyZ,1,1597
FiveKnights ,1,1845
flamehead,1,1890
flayer0,1,1419
Flolam ,1,1606
FollowTheWhiteRabbit,1,2227
ForkerofQueens,1,1877
foulmouthmatt,1,1543
fourtwenty,1,1361
FracPhilo,1,1395
Fritz702,1,2102
Fritzmann,1,1610
frogger,1,2014
furrykef,1,1643
GardenPlant,1,1504
Gary_Blackwood,1,1858
gattican,1,1814
gauravsinghmd,1,1925
GCEDW2001,1,1922
gehenna,1,1603
Gena84,1,1569
GeneralSpecific,1,1800
GERDie,1,1449
GetAGripWhitby ,1,1897
GGrkinic,1,2056
ghostologist,1,1556
ghostult,1,1689
giovanniarena,1,1861
Gitu,1,2114
givan,1,1554
Glad_He_Ate_Her ,1,1601
GlaisePapale,1,1631
GMPraveen,1,2267
god666 ,1,2202
gokuba ,1,1692
GoldenPepe,1,2035
Golodion ,1,2004
gorathger,1,2175
gotthatplymouthrock ,1,1424
GrahamParkerME,1,1825
Grando,1,1484
greenkingwashere,1,1573
greentiger,1,1700
Grimreepeer1,1,1314
grinnifwin,1,2073
Grizzhog,1,1526
Grizzzly1000,1,1957
GroneN,1,1891
GroneN ,1,2049
Guitarplaya,1,2125
gusish,1,1336
H_Badorties,1,2185
h_lector,1,1946
hacker29,1,2260
hairbeRt ,1,1958
hakonj,1,1697
HalfRight,1,2103
HandKnit,1,2235
Hattilla,1,1740
Hausierer,1,2135
hawkins89,1,2087
headisbagent,1,2080
Heidman,1,1650
Hewkn,1,1679
Hibernicus,1,2002
highphive,1,1315
HighSilence,1,1721
hill_j,1,1430
hillrp ,1,1693
Hitzkopf87,1,1540
Hkivrak,1,1690
HoolyDuck,1,1653
hyge,1,2000
Hyzer,1,2023
I_Will_Win,1,2272
Iamsostupid,1,1871
IanCawood,1,1799
ianjf,1,1757
ianjf ,1,1852
ianremsen,1,1632
ihideonbush,1,2278
IHugoStiglitz,1,1744
ImBadGoEasy,1,1727
Immortality ,1,1779
imperatorealev,1,1438
infested,1,1865
InfiniteFlash,1,2174
Injektilo,1,1772
iongler,1,2159
Ionsaitheoir,1,1380
iqp,1,1578
Isachess ,1,1930
itsblundertown,1,1297
IzoRyu,1,1939
j7barbs,1,1761
Jacarandat,1,1837
jagvillspelaschack,1,1705
jajandio,1,1492
jakake,1,1798
JAKEPETERS,1,1385
Jakobks,1,1868
jamboger,1,1264
JamesShumway,1,1635
jaunte,1,1822
javi0111,1,1691
JBGIII,1,1733
jervaelski,1,1407
jfarah,1,2083
Jfayne,1,2252
jfiquett,1,2000
Jin_ch,1,2090
JJPlayz,1,1826
Jlustig555,1,1804
jmaltby,1,1964
Jobwoge,1,1715
joebech,1,1593
john465,1,1552
JohnFrancis,1,1852
Jonathan_DALLEAU ,1,1681
Jonathancoffin,1,1775
Jorjor5379,1,1603
josh789,1,2183
jpokerflat,1,1743
JPTriton ,1,2230
JRiu,1,2044
JTate,1,1790
Jubka,1,1423
jughandle10 ,1,1871
jwwells42,1,1868
Jyr ,1,1939
kamekura,1,1476
Kampfwagenkanone,1,1996
kanakaishou,1,1645
kanake,1,1826
karatugo,1,1770
Karpovian ,1,1997
Karrotspls,1,2262
kenzaburo,1,2117
Keresch,1,1913
kevinlara,1,1435
Khidal ,1,1630
kilichimonger,1,1914
king_me_wing,1,1983
kip1981,1,1898
kirschwasser ,1,1822
Kjar ,1,2063
kjfoster17 ,1,1854
klod42,1,2027
KMisener,1,1674
knassery,1,1662
KnightyKnight1996,1,2103
kolnikov,1,1689
kponds,1,1673
kponds ,1,1659
krischan,1,1719
krisolis,1,1960
kristian17,1,1473
Krsto ,1,2059
Kryyc,1,1798
KSops,1,1702
Lake,1,1807
LambdaC,1,1235
Landmoose,1,1891
Lanoc,1,1968
Lapa87,1,1890
LarsenB,1,2075
Lasse_S,1,2106
Lateon,1,1680
lbringer,1,1738
Le_charpentier,1,1858
LeDarkKnight,1,1874
LegalRebellion,1,1959
LemuelGullible,1,1704
LemuelGullible ,1,1735
leobkho,1,1899
LeoLegend,1,1988
Leonova,1,2056
Lethgo ,1,1752
LevriatSoulEdge ,1,1883
LikesTal,1,1890
LikesTal ,1,1874
linail ,1,2235
Little_Dead_Bertha,1,2209
lolitsreality,1,1540
LordHW4,1,1765
loukas435,1,1758
lpd2,1,1681
Lrdwhyt,1,1550
lrish,1,2003
LtJHavoc,1,1944
Luft808,1,1696
lukarahtratgnaTBC,1,2270
lvew,1,1455
Lynnpv ,1,1870
m_krev,1,1885
Mad_shaving,1,1417
madd0cx,1,1530
madi1693,1,1929
Malamutt,1,2297
malteof ,1,1639
mamaduck,1,1352
ManuLeach,1,1543
marian_roman,1,1639
marshmallow55,1,1620
MarStem,1,1882
Materix235,1,1737
matt_p_14 ,1,1955
Mattcrossette,1,1911
MattyB ,1,1777
matuiss2,1,2269
matuiss2 ,1,2219
maulwurf,1,1980
maxivgc ,1,1943
mbazylisk,1,1625
mbielec,1,1951
mcastellani18,1,1948
mdcard,1,2118
Mdcasey ,1,1713
mdpotts22 ,1,1752
meangreen,1,1456
Mebeka,1,2128
mekhami,1,1913
MENZC,1,2117
mfink1 ,1,1693
mhavgar,1,2076
Michael_Bowlby,1,1870
MichaelPren95,1,1663
michionov,1,1103
michionov ,1,1180
mightydogg,1,2055
mikewhitekl,1,1922
milankumarZ,1,1853
Min37,1,1694
Mini23,1,1843
mirkojotic,1,1670
misiek91z,1,1834
MisterJensen,1,1884
mixxanber ,1,1789
mkoga ,1,1771
mmatros,1,1768
modakshantanu,1,1759
Moha369 ,1,1624
mohityadav143,1,1505
mole_creature,1,2272
Moneybomb3605,1,1726
monged01,1,1722
Moron2Master,1,2023
Mr_peters,1,1646
MrIan15,1,1815
mrjv,1,1628
MRSep,1,1840
mrthysbe,1,1650
mynamedoesntmatter,1,1657
mynameismund,1,1621
MyNamesAngel,1,1793
mysterious_expert,1,2290
n4sE,1,1394
n4zgul,1,1724
nacional100,1,1688
Namulin ,1,1785
napolean15,1,1910
Narikyo,1,1809
Narz,1,2043
nategreene,1,1628
neo_yahtzee,1,1672
nermin_dedovic,1,1750
nhmwhhxx,1,1907
nhmwhhxx ,1,1961
nicholasw8,1,1878
NigelTufnel ,1,1748
niking,1,2153
nivenn,1,1791
NLance,1,1734
NnomiXD,1,1691
NoLuckOnlySkill,1,2211
Nombringer,1,1914
Nombringer ,1,1948
nonEsiste,1,1769
nonmasteralex ,1,1809
NOTFOXAnonymous,1,1933
NothingIRL,1,1546
notvassil,1,2165
novemberyankee,1,1701
nsmiller7,1,1847
Numberman768 ,1,1751
Obucheniye,1,1996
obvious_cheater ,1,2271
oddskill ,1,1581
ohorla ,1,1897
okoros,1,2256
okoros ,1,2256
olu_dara,1,1612
omoueza,1,1567
Orgsalsa,1,1816
ORIONfull,1,1697
overlxrd,1,1653
oxygen_di_oxide,1,1799
Oyabun,1,1684
PageProtector,1,1644
paintman,1,1908
PancakeMistakes,1,1896
Paradigms,1,1647
parkerzs,1,1476
parkerzs ,1,1580
parrotz,1,1624
PasiP,1,1867
pastelboy,1,1635
Patrick-66,1,1756
PatronusAnser,1,2020
pauix,1,1633
PaulKagame,1,2114
Pawnadian,1,1971
Pawndercover,1,2114
Pawnprecaution,1,2388
Pawnpunter,1,1563
pawnsareop,1,1881
Pbrask2,1,1630
pburns1587 ,1,1660
Pe-lle,1,1491
PerdHapley,1,1588
pfntr,1,1818
pfntr ,1,1818
Philgood84 ,1,1658
pkjamoo,1,1316
pkjamoo ,1,1562
Plasterhippy,1,2080
Player115,1,1916
pmyourpepes,1,1947
pmyourpepes ,1,1937
Poet1c,1,2162
pokerram ,1,1833
pollygetiks,1,1801
poopheaderic ,1,1673
Poseh,1,1805
Poseh ,1,1864
PP_92,1,2056
PracticeForReal,1,1630
prendradjaja,1,1615
prentice_sloth,1,1893
PsyMar2,1,1608
puetzinat0r,1,1953
py3,1,1598
Qade,1,1480
Queen_Blunder,1,1936
Questoguy,1,1988
QuietStorm24,1,1949
quirked ,1,1925
qx11,1,1741
RaisinBranCrunch,1,1738
Rakpyrogravas,1,2209
ramz_mihailov,1,2329
RandomJSDev,1,1808
Ranfea,1,1420
rapiplay,1,1920
razarip,1,1521
Razorneck ,1,2015
Razorsharponly,1,1979
razzld,1,1844
rb52,1,2103
rbb791,1,1727
ready_player_one,1,1815
Redban,1,2132
rederik79,1,1722
redhoax,1,1906
RelativeImpact,1,1845
Respite,1,1669
rexro,1,1889
ReyFeroz,1,2054
robert-paulson ,1,1923
rodeo ,1,1886
Rolfomania,1,1671
Rolihlahla ,1,1732
rooooks,1,1717
Rose924,1,1626
rosinsvinet,1,1793
RottenPawn ,1,1724
rreyv,1,1699
RSWillow,1,1743
RSWillow ,1,1737
ruby_kid,1,1739
RyanMcMackin,1,2087
sahkal ,1,2034
salsim5774,1,1125
Saltator ,1,1868
samhagen,1,1707
Sammy_Jankis,1,1734
SamuelIFowler,1,2289
Sangan,1,1985
Sangan ,1,2095
Saschlars,1,1736
Saschlars ,1,1757
Sasho21,1,1309
saxi90,1,1823
ScacchistaImbruttito,1,1402
scapegoat,1,2061
Schackmacke,1,1894
Scottm91 ,1,1616
Scribblenaut,1,1511
scurly,1,2170
scuzzi,1,1790
sd337,1,1901
SebastianJL,1,2050
sebiz,1,1641
sebiz ,1,1641
SecretCaveman ,1,2182
Self_aware_Lettuce,1,1804
SentinelCrush,1,2094
SergeiAttackov,1,2053
Servasky,1,1818
shafdanny,1,1776
Shammies,1,2223
SherlockHolmez,1,1720
shin04100,1,1828
ShirovGambit,1,1738
Shuure,1,1425
sidetracked_owl,1,1639
SiggiHD,1,1733
SigmaAlgebra,1,1689
Sigrud,1,2239
sigvei ,1,1739
silver124,1,2012
Sinisterminister,1,1700
Sir_Dunghill_4th,1,1850
SirDore,1,1651
SirDore ,1,1768
SirNateALot,1,1721
SirTurtle,1,1765
Sjaart,1,2031
slaiyn,1,1924
slavy,1,1272
Sleightly ,1,2188
SMC,1,2229
SMC ,1,2193
smerlijn,1,1834
SolarNight,1,1959
solidplayerr ,1,1954
SouzaMoraes ,1,1772
sparc ,1,1909
Spiritchaser84,1,2131
Sprite143,1,1600
SquidgyKing,1,2140
Sreejith993,1,1819
Staincastle,1,1613
Staincastle ,1,1665
Star-Bearer ,1,1720
steili,1,1899
steili ,1,1913
StriderJ,1,1628
StriderJ ,1,1703
Stryker682,1,1770
sturmwehr_45,1,1985
SuedeStonn,1,1786
super_sanic,1,1807
superevans,1,1781
Supermaths ,1,2114
Superswaggin,1,1902
SupraScud,1,1470
Svendra,1,2184
swornt,1,2033
sxpg,1,1791
T1460,1,1657
Tactix47,1,1927
Tactix47 ,1,1927
tammerik24,1,1606
Tanq10,1,1521
TazDevil,1,1852
TCGRIF ,1,1736
Tchang1997,1,2012
Teachmetimes2,1,1493
Telemachoz,1,1295
Tellum ,1,1832
Texas-Chess,1,2004
Th3RomanticWarrior,1,1879
The_fischer_king,1,2002
The_harrison,1,1509
The_Italian_Dream,1,1614
the_loving_boy,1,1634
thebishopschaplain,1,1650
thebishopschaplain ,1,1672
TheDrunkenLawyer,1,2207
TheHaleguathor,1,2200
Theino ,1,1822
theme,1,2102
thephobia,1,1738
thephobia ,1,1690
TheRatRiverTrapper ,1,1872
TheTacticianMagician,1,2131
thibault,1,1710
thisISSmax,1,1616
thundercougarfalcon,1,2125
thundercougarfalcon ,1,2129
ThyLastPenguin,1,1824
Tianmu,1,2207
Tim_Nice_But_Dim,1,1565
timeh,1,1917
Timikofski,1,1628
timoru,1,2067
titan_twelve,1,2293
TJSteel,1,1500
TJSteel ,1,1518
Toddle,1,1965
Toffeeman ,1,1721
Tolsonb,1,1696
Tom_kg,1,1843
Toperoco,1,1838
tothe6thpower,1,1446
TraderLynch,1,1848
Transit,1,1835
Trexchess ,1,2098
tsnara ,1,1431
tupel,1,1410
tushar20008,1,2060
twiningm,1,1596
tworivers ,1,1706
Ubique29 ,1,1638
ukester,1,1817
Unicornz,1,2352
UnLuckyNiko,1,1895
vadsamoht,1,1852
ventricule ,1,1729
Verdikins,1,1859
veryance,1,1869
VicCoren,1,1951
VicPez ,1,1900
Vishysoisse,1,1682
vkao,1,1836
VNeustroev,1,2393
VVvenomVV,1,1946
Wahlkatalane,1,1924
wardsstone,1,2076
WarGoblin ,1,1895
warrelium,1,1429
wavecrusher,1,1944
weits,1,1874
WhiteD4ath,1,2019
wikiplayschess,1,1674
WilkBardzoZly,1,1879
Winterfell95,1,1486
Wo_Cheng_Si_Le,1,1845
Wolf21 ,1,1798
Wolfram_EP,1,2113
woolgatherer,1,1658
xaviar,1,1750
xDufff,1,1448
Xerxos159,1,1948
Xkv,1,1852
xRJGDx,1,1616
yellowtides,1,2124
youngmoney2299,1,2168
Yourooknice,1,1895
zandbelt,1,1294
Zenchess,1,2141
zeroboy121,1,1487
zezetel,1,1574
Zharptytsia,1,1772
Zharptytsia ,1,1714
Zimny_Toster,1,1966
zirbes123,1,1917
Zouave,1,1765
ZweiSpeedruns,1,1360
